Workbook

Sheet Calibration
A1: Pump Calibration (bucket test)
A2: Blue cells = your inputs. Everything else computes automatically. Full protocol: docs/reference/pump-extrusion.md (or 'Protocol' sheet).
A4: Pump
A5: Material / mix
A6: Date
A7: Operator
A8: Hose length [m]
A9: Notes
A11: Fresh density (1-litre cup, struck off)
A12: Cup volume [l] | B12: 1
A13: Cup mass empty [kg]
A14: Cup mass filled [kg]
A15: Fresh density ρ [kg/l] | B15: =IF(OR(B12="",B13="",B14="",B12=0),"",(B14-B13)/B12)
A17: Measurements (pump into tared bucket, ~60 s per setting, ascending settings)
A18: Setting [V] | B18: Bucket tare [kg] | C18: Bucket + mortar [kg] | D18: Time [s] | E18: Net mass [kg] | F18: Flow [l/min] | G18: Check
A19: 2 | D19: 60 | E19: =IF(OR(B19="",C19=""),"",C19-B19) | F19: =IF(OR(E19="",$B$15="",D19="",D19=0),"",E19/$B$15/(D19/60)) | G19: =IF(F19="","","OK")
A20: 4 | D20: 60 | E20: =IF(OR(B20="",C20=""),"",C20-B20) | F20: =IF(OR(E20="",$B$15="",D20="",D20=0),"",E20/$B$15/(D20/60)) | G20: =IF(F20="","",IF(AND(F19<>"",F20<=F19),"⚠ flow not > previous row","OK"))
A21: 6 | D21: 60 | E21: =IF(OR(B21="",C21=""),"",C21-B21) | F21: =IF(OR(E21="",$B$15="",D21="",D21=0),"",E21/$B$15/(D21/60)) | G21: =IF(F21="","",IF(AND(F20<>"",F21<=F20),"⚠ flow not > previous row","OK"))
A22: 8 | D22: 60 | E22: =IF(OR(B22="",C22=""),"",C22-B22) | F22: =IF(OR(E22="",$B$15="",D22="",D22=0),"",E22/$B$15/(D22/60)) | G22: =IF(F22="","",IF(AND(F21<>"",F22<=F21),"⚠ flow not > previous row","OK"))
A23: 10 | D23: 60 | E23: =IF(OR(B23="",C23=""),"",C23-B23) | F23: =IF(OR(E23="",$B$15="",D23="",D23=0),"",E23/$B$15/(D23/60)) | G23: =IF(F23="","",IF(AND(F22<>"",F23<=F22),"⚠ flow not > previous row","OK"))
E24: =IF(OR(B24="",C24=""),"",C24-B24) | F24: =IF(OR(E24="",$B$15="",D24="",D24=0),"",E24/$B$15/(D24/60)) | G24: =IF(F24="","",IF(AND(F23<>"",F24<=F23),"⚠ flow not > previous row","OK"))
E25: =IF(OR(B25="",C25=""),"",C25-B25) | F25: =IF(OR(E25="",$B$15="",D25="",D25=0),"",E25/$B$15/(D25/60)) | G25: =IF(F25="","",IF(AND(F24<>"",F25<=F24),"⚠ flow not > previous row","OK"))
E26: =IF(OR(B26="",C26=""),"",C26-B26) | F26: =IF(OR(E26="",$B$15="",D26="",D26=0),"",E26/$B$15/(D26/60)) | G26: =IF(F26="","",IF(AND(F25<>"",F26<=F25),"⚠ flow not > previous row","OK"))
A28: Table status
A29: Points measured | B29: =COUNT(F19:F26) -> 0
A30: Valid for the slicer (≥2 pts, flow strictly increasing) | B30: =IF(COUNT(F19:F26)<2,"NO — need ≥ 2 measured points",IF(COUNTIF(G19:G26,"⚠ flow not > previous row")>0,"NO — flow must increase with setting","YES")) -> NO — need ≥ 2 measured points
A31: Calibrated flow range [l/min] | B31: =IF(COUNT(F19:F26)<2,"—",SUBSTITUTE(TEXT(MIN(F19:F26),"0.000"),",",".")&" – "&SUBSTITUTE(TEXT(MAX(F19:F26),"0.000"),",",".")) -> —
A33: Find pump setting for a required flow
A34: Q required [l/min] | D34: segment → | E34: =IF(OR(B34="",COUNT(F19:F26)<2),1,MIN(MAX(COUNTIF(F19:F26,"<="&B34),1),COUNT(F19:F26)-1)) -> 1
A35: Recommended setting [V] | B35: =IF(OR(B34="",COUNT(F19:F26)<2),"—",IF(OR(B34<MIN(F19:F26),B34>MAX(F19:F26)),"outside calibrated range — no extrapolation",IFERROR(INDEX(A19:A26,E34)+(B34-INDEX(F19:F26,E34))/(INDEX(F19:F26,E34+1)-INDEX(F19:F26,E34))*(INDEX(A19:A26,E34+1)-INDEX(A19:A26,E34)),"check table — flow not increasing"))) -> —
A36: Same rule as the slicer (PumpModel.SettingForFlow): linear between measured points, never extrapolates.

Sheet CSV Export
A1: Copy the block below (A3 down) into your calibration .csv — decimals are already invariant ('.')
A3: ="# Pump calibration table — generated from pump_calibration_placeholder.xlsx" -> # Pump calibration table — generated from pump_calibration_placeholder.xlsx
A4: ="# pump: "&IF(Calibration!B4="","NEEDS_INPUT",Calibration!B4) -> # pump: NEEDS_INPUT
A5: ="# material: "&IF(Calibration!B5="","NEEDS_INPUT",Calibration!B5) -> # material: NEEDS_INPUT
A6: ="# date: "&IF(Calibration!B6="","NEEDS_INPUT",TEXT(Calibration!B6,"yyyy-mm-dd")) -> # date: NEEDS_INPUT
A7: ="# operator: "&IF(Calibration!B7="","NEEDS_INPUT",Calibration!B7) -> # operator: NEEDS_INPUT
A8: ="# hose: "&IF(Calibration!B8="","NEEDS_INPUT",SUBSTITUTE(TEXT(Calibration!B8,"0.#"),",",".")&" m") -> # hose: NEEDS_INPUT
A9: ="# density: "&IF(Calibration!B15="","NEEDS_INPUT",SUBSTITUTE(TEXT(Calibration!B15,"0.000"),",",".")&" kg/l fresh") -> # density: NEEDS_INPUT
A10: ="# columns: setting,flow_lpm" -> # columns: setting,flow_lpm
A11: =IF(Calibration!F19="","",SUBSTITUTE(TEXT(Calibration!A19,"0.0##"),",",".")&","&SUBSTITUTE(TEXT(Calibration!F19,"0.000"),",","."))
A12: =IF(Calibration!F20="","",SUBSTITUTE(TEXT(Calibration!A20,"0.0##"),",",".")&","&SUBSTITUTE(TEXT(Calibration!F20,"0.000"),",","."))
A13: =IF(Calibration!F21="","",SUBSTITUTE(TEXT(Calibration!A21,"0.0##"),",",".")&","&SUBSTITUTE(TEXT(Calibration!F21,"0.000"),",","."))
A14: =IF(Calibration!F22="","",SUBSTITUTE(TEXT(Calibration!A22,"0.0##"),",",".")&","&SUBSTITUTE(TEXT(Calibration!F22,"0.000"),",","."))
A15: =IF(Calibration!F23="","",SUBSTITUTE(TEXT(Calibration!A23,"0.0##"),",",".")&","&SUBSTITUTE(TEXT(Calibration!F23,"0.000"),",","."))
A16: =IF(Calibration!F24="","",SUBSTITUTE(TEXT(Calibration!A24,"0.0##"),",",".")&","&SUBSTITUTE(TEXT(Calibration!F24,"0.000"),",","."))
A17: =IF(Calibration!F25="","",SUBSTITUTE(TEXT(Calibration!A25,"0.0##"),",",".")&","&SUBSTITUTE(TEXT(Calibration!F25,"0.000"),",","."))
A18: =IF(Calibration!F26="","",SUBSTITUTE(TEXT(Calibration!A26,"0.0##"),",",".")&","&SUBSTITUTE(TEXT(Calibration!F26,"0.000"),",","."))

Sheet Protocol
A1: Bucket-test protocol (~15 min) — docs/reference/pump-extrusion.md
A2: 1. Mix the material exactly as for printing. Prime pump + hose until the flow is steady.
A3: 2. Pick 4–6 settings spanning the range you will actually print with (e.g. 2 / 4 / 6 / 8 / 10 V).
A4: 3. Per setting: pump into a tared bucket for a timed 60 s. Enter tare, bucket+mortar mass and the exact time.
A5: 4. Fresh density: fill a 1-litre cup, strike off, weigh → density block on the Calibration sheet.
A6: 5. flow_lpm = net mass [kg] / ρ [kg/l] / time [min] — computed automatically per row.
A7: 6. Fix any ⚠ in the Check column (flow must strictly increase).
A8: 7. When 'Valid for the slicer' says YES: copy the CSV Export block into
A9: a .csv of your own (template: Lugworm/Resources/pump_calibration_placeholder.csv) and wire it into the pumpCalibCsv input.
A11: Repeat per material/mix — and per hose length if you change it.
A12: Slip factor η: after a calibrated print, η = V_planned / V_actual (weigh the part). Default 1.0.
